model,roc_auc_mean,roc_auc_std,pr_auc_mean,pr_auc_std,n_folds
RandomForest,0.5681818181818181,0.09642365197998366,0.03504120148856991,0.05794272524924039,5
LightGBM,0.48011363636363635,0.02812356516082861,0.04011904761904762,0.06882352798669324,5
